{"@module": "pymatgen.core.structure", "@class": "Structure", "charge": null, "lattice": {"matrix": [[0.0, 2.845847, 2.845847], [2.845847, 0.0, 2.845847], [2.845847, 2.845847, 0.0]], "a": 4.024635423838785, "b": 4.024635423838785, "c": 4.024635423838785, "alpha": 60.00000000000001, "beta": 60.00000000000001, "gamma": 60.00000000000001, "volume": 46.09614833243692}, "sites": [{"species": [{"element": "Na", "occu": 1}], "abc": [0.0, 0.0, 0.0], "xyz": [0.0, 0.0, 0.0], "label": "Na", "properties": {"magmom": 0.0}}, {"species": [{"element": "Cl", "occu": 1}], "abc": [0.5, 0.5, 0.5], "xyz": [2.845847, 2.845847, 2.845847], "label": "Cl", "properties": {"magmom": -0.0}}], "@version": null}